1,Agency FB,Bold,AGENCYB.TTF,0,Agency FB,AgencyFB-Bold,Agency FB Bold,2,Agency FB,AgencyFB-Bold,0,700,262144,536870913,0,3,0,0,0,
2,Agency FB,Regular,AGENCYR.TTF,0,Agency FB,AgencyFB-Reg,Agency FB,2,Agency FB,AgencyFB-Reg,0,400,0,536870913,0,3,0,0,0,
3,Algerian,Regular,ALGER.TTF,0,Algerian,Algerian,Algerian,1,Algerian,0,400,0,536870913,0,3,0,0,0,
4,Book Antiqua,Bold,ANTQUAB.TTF,0,Book Antiqua,BookAntiqua-Bold,Book Antiqua Bold,2,Book Antiqua,BookAntiqua-Bold,0,700,262146,536871071,3755409408,647,0,0,0,
5,Book Antiqua,Bold Italic,ANTQUABI.TTF,0,Book Antiqua,BookAntiqua-BoldItalic,Book Antiqua Bold Italic,2,Book Antiqua,BookAntiqua-BoldItalic,1,700,262210,536871071,3755409408,647,0,0,0,
6,Book Antiqua,Italic,ANTQUAI.TTF,0,Book Antiqua,BookAntiqua-Italic,Book Antiqua Italic,2,Book Antiqua,BookAntiqua-Italic,1,400,66,536871071,3755409408,647,0,0,0,
7,Arial,Regular,arial.ttf,0,Arial,ArialMT,Arial,2,Arial,ArialMT,0,400,0,1073742335,4294901760,3758108415,3221256283,9,0,
8,Arial,Bold,arialbd.ttf,0,Arial,Arial-BoldMT,Arial Bold,3,Arial,Arial-BoldMT,Arial Bold,0,700,262144,1073742335,4294901760,3758108415,3221256283,9,0,
9,Arial,Bold Italic,arialbi.ttf,0,Arial,Arial-BoldItalicMT,Arial Bold Italic,3,Arial,Arial-BoldItalicMT,Arial Bold Italic,1,700,262208,1073742271,3757506560,3758100223,1073772635,1,0,
10,Arial,Italic,ariali.ttf,0,Arial,Arial-ItalicMT,Arial Italic,3,Arial,Arial-ItalicMT,Arial Italic,1,400,64,1073742271,3757506560,3758100223,30811,1,0,
11,Arial Narrow,Regular,ARIALN.TTF,0,Arial Narrow,ArialNarrow,Arial Narrow,2,Arial Narrow,ArialNarrow,0,400,0,536871071,3755409408,647,2048,0,0,
12,Arial Narrow,Bold,ARIALNB.TTF,0,Arial Narrow,ArialNarrow-Bold,Arial Narrow Bold,2,Arial Narrow,ArialNarrow-Bold,0,700,262144,536871071,3755409408,647,2048,0,0,
13,Arial Narrow,Bold Italic,ARIALNBI.TTF,0,Arial Narrow,ArialNarrow-BoldItalic,Arial Narrow Bold Italic,2,Arial Narrow,ArialNarrow-BoldItalic,1,700,262208,536871071,3755409408,647,2048,0,0,
14,Arial Narrow,Italic,ARIALNI.TTF,0,Arial Narrow,ArialNarrow-Italic,Arial Narrow Italic,2,Arial Narrow,ArialNarrow-Italic,1,400,64,536871071,3755409408,647,2048,0,0,
15,Arial Black,Regular,ariblk.ttf,0,Arial Black,Arial-Black,Arial Black,2,Arial Black,Arial-Black,0,900,0,1610612895,3755409408,2684355247,1073772795,0,0,
16,Arial Rounded MT Bold,Regular,ARLRDBD.TTF,0,Arial Rounded MT Bold,ArialRoundedMTBold,Arial Rounded MT Bold,2,Arial Rounded MT Bold,ArialRoundedMTBold,0,400,2,536870913,0,3,0,0,0,
17,Arvo,Bold,Arvo-Bold.ttf,0,Arvo,Arvo-Bold,Arvo Bold,2,Arvo,Arvo-Bold,0,700,262144,1,0,2147483687,134217792,335544320,0,
18,Arvo,Bold Italic,Arvo-BoldItalic.ttf,0,Arvo,Arvo-BoldItalic,Arvo Bold Italic,2,Arvo,Arvo-BoldItalic,1,700,262208,536871185,1073741824,2147483687,65,0,0,
19,Arvo,Italic,Arvo-Italic.ttf,0,Arvo,Arvo-Italic,Arvo-Italic,2,Arvo,Arvo-Italic,1,400,64,536871185,1073741824,2147483815,65,0,0,
20,Arvo,Regular,Arvo-Regular.ttf,0,Arvo,Arvo,Arvo,1,Arvo,0,400,0,536871185,1073741824,2147483815,65,0,0,
21,Bahnschrift,Regular,bahnschrift.ttf,0,Bahnschrift,Bahnschrift,Bahnschrift,1,Bahnschrift,0,400,0,536871327,0,2684355271,2,0,0,
22,Baskerville Old Face,Regular,BASKVILL.TTF,0,Baskerville Old Face,BaskOldFace,Baskerville Old Face,2,Baskerville Old Face,BaskOldFace,0,400,2,536870913,0,3,0,0,0,
23,Bauhaus 93,Regular,BAUHS93.TTF,0,Bauhaus 93,Bauhaus93,Bauhaus 93,2,Bauhaus 93,Bauhaus93,0,400,0,536870913,0,3,0,0,0,
24,Bell MT,Regular,BELL.TTF,0,Bell MT,BellMT,Bell MT,2,Bell MT,BellMT,0,400,2,536870913,0,3,0,0,0,
25,Bell MT,Bold,BELLB.TTF,0,Bell MT,BellMTBold,Bell MT Bold,2,Bell MT,BellMTBold,0,700,262146,536870913,0,3,0,0,0,
26,Bell MT,Italic,BELLI.TTF,0,Bell MT,BellMTItalic,Bell MT Italic,2,Bell MT,BellMTItalic,1,400,66,536870913,0,3,0,0,0,
27,Bernard MT Condensed,Regular,BERNHC.TTF,0,Bernard MT Condensed,BernardMT-Condensed,Bernard MT Condensed,2,Bernard MT Condensed,BernardMT-Condensed,0,400,2,536870913,0,3,0,0,0,
28,Book Antiqua,Regular,BKANT.TTF,0,Book Antiqua,BookAntiqua,Book Antiqua,2,Book Antiqua,BookAntiqua,0,400,2,536871071,3755409408,647,0,0,0,
29,Bodoni MT,Bold,BOD_B.TTF,0,Bodoni MT,BodoniMT-Bold,Bodoni MT Bold,2,Bodoni MT,BodoniMT-Bold,0,700,262146,536870913,0,3,0,0,0,
30,Bodoni MT,Bold Italic,BOD_BI.TTF,0,Bodoni MT,BodoniMT-BoldItalic,Bodoni MT Bold Italic,2,Bodoni MT,BodoniMT-BoldItalic,1,700,262210,536870913,0,3,0,0,0,
31,Bodoni MT Black,Italic,BOD_BLAI.TTF,0,Bodoni MT Black,BodoniMTBlack-Italic,Bodoni MT Black Italic,2,Bodoni MT Black,BodoniMTBlack-Italic,1,900,66,536870913,0,3,0,0,0,
32,Bodoni MT Black,Regular,BOD_BLAR.TTF,0,Bodoni MT Black,BodoniMTBlack,Bodoni MT Black,2,Bodoni MT Black,BodoniMTBlack,0,900,2,536870913,0,3,0,0,0,
33,Bodoni MT Condensed,Bold,BOD_CB.TTF,0,Bodoni MT Condensed,BodoniMTCondensed-Bold,Bodoni MT Condensed Bold,2,Bodoni MT Condensed,BodoniMTCondensed-Bold,0,700,262146,536870913,0,3,0,0,0,
34,Bodoni MT Condensed,Bold Italic,BOD_CBI.TTF,0,Bodoni MT Condensed,BodoniMTCondensed-BoldItalic,Bodoni MT Condensed Bold Italic,2,Bodoni MT Condensed,BodoniMTCondensed-BoldItalic,1,700,262210,536870913,0,3,0,0,0,
35,Bodoni MT Condensed,Italic,BOD_CI.TTF,0,Bodoni MT Condensed,BodoniMTCondensed-Italic,Bodoni MT Condensed Italic,2,Bodoni MT Condensed,BodoniMTCondensed-Italic,1,400,66,536870913,0,3,0,0,0,
36,Bodoni MT Condensed,Regular,BOD_CR.TTF,0,Bodoni MT Condensed,BodoniMTCondensed,Bodoni MT Condensed,2,Bodoni MT Condensed,BodoniMTCondensed,0,400,2,536870913,0,3,0,0,0,
37,Bodoni MT,Italic,BOD_I.TTF,0,Bodoni MT,BodoniMT-Italic,Bodoni MT Italic,2,Bodoni MT,BodoniMT-Italic,1,400,66,536870913,0,3,0,0,0,
38,Bodoni MT Poster Compressed,Regular,BOD_PSTC.TTF,0,Bodoni MT Poster Compressed,BodoniMTPosterCompressed,Bodoni MT Poster Compressed,2,Bodoni MT Poster Compressed,BodoniMTPosterCompressed,0,300,2,536870929,0,3,0,0,0,
39,Bodoni MT,Regular,BOD_R.TTF,0,Bodoni MT,BodoniMT,Bodoni MT,2,Bodoni MT,BodoniMT,0,400,2,536870913,0,3,0,0,0,
40,Bookman Old Style,Regular,BOOKOS.TTF,0,Bookman Old Style,BookmanOldStyle,Bookman Old Style,2,Bookman Old Style,BookmanOldStyle,0,300,2,536871071,3755409408,647,0,0,0,
41,Bookman Old Style,Bold,BOOKOSB.TTF,0,Bookman Old Style,BookmanOldStyle-Bold,Bookman Old Style Bold,2,Bookman Old Style,BookmanOldStyle-Bold,0,600,262146,536871071,3755409408,647,0,0,0,
42,Bookman Old Style,Bold Italic,BOOKOSBI.TTF,0,Bookman Old Style,BookmanOldStyle-BoldItalic,Bookman Old Style Bold Italic,2,Bookman Old Style,BookmanOldStyle-BoldItalic,1,600,262210,536871071,3755409408,647,0,0,0,
43,Bookman Old Style,Italic,BOOKOSI.TTF,0,Bookman Old Style,BookmanOldStyle-Italic,Bookman Old Style Italic,2,Bookman Old Style,BookmanOldStyle-Italic,1,300,66,536871071,3755409408,647,0,0,0,
44,Bradley Hand ITC,Regular,BRADHITC.TTF,0,Bradley Hand ITC,BradleyHandITC,Bradley Hand ITC,2,Bradley Hand ITC,BradleyHandITC,0,400,0,536870913,0,3,0,0,0,
45,Britannic Bold,Regular,BRITANIC.TTF,0,Britannic Bold,BritannicBold,Britannic Bold,2,Britannic Bold,BritannicBold,0,400,0,536870913,0,3,0,0,0,
46,Berlin Sans FB,Bold,BRLNSB.TTF,0,Berlin Sans FB,BerlinSansFB-Bold,Berlin Sans FB Bold,2,Berlin Sans FB,BerlinSansFB-Bold,0,700,262146,536870913,0,3,0,0,0,
47,Berlin Sans FB Demi,Bold,BRLNSDB.TTF,0,Berlin Sans FB Demi,BerlinSansFBDemi-Bold,Berlin Sans FB Demi Bold,2,Berlin Sans FB Demi,BerlinSansFBDemi-Bold,0,700,262146,536870913,0,3,0,0,0,
48,Berlin Sans FB,Regular,BRLNSR.TTF,0,Berlin Sans FB,BerlinSansFB-Reg,Berlin Sans FB,2,Berlin Sans FB,BerlinSansFB-Reg,0,400,2,536870913,0,3,0,0,0,
49,Broadway,Regular,BROADW.TTF,0,Broadway,Broadway,Broadway,1,Broadway,0,400,0,536870913,0,3,0,0,0,
50,Brush Script MT,Italic,BRUSHSCI.TTF,0,Brush Script MT,BrushScriptMT,Brush Script MT Italic,3,Brush Script MT,BrushScriptMT,Brush Script MT Italic,1,400,64,536870913,0,3,0,0,0,
51,Bookshelf Symbol 7,Regular,BSSYM7.TTF,0,Bookshelf Symbol 7,BookshelfSymbolSeven,Bookshelf Symbol 7,2,Bookshelf Symbol 7,BookshelfSymbolSeven,0,400,4,2147483648,0,0,0,0,0,
52,Calibri,Regular,calibri.ttf,0,Calibri,Calibri,Calibri,1,Calibri,0,400,2,536871423,0,3825217279,3221234811,9,0,
53,Calibri,Bold,calibrib.ttf,0,Calibri,Calibri-Bold,Calibri Bold,2,Calibri,Calibri-Bold,0,700,262146,536871423,0,3825217279,3221234811,9,0,
54,Calibri,Italic,calibrii.ttf,0,Calibri,Calibri-Italic,Calibri Italic,2,Calibri,Calibri-Italic,1,400,66,536871359,0,3825209087,1073751163,1,0,
55,Calibri Light,Regular,calibril.ttf,0,Calibri Light,Calibri-Light,Calibri Light,2,Calibri Light,Calibri-Light,0,300,2,536871423,0,3825217279,3221234811,9,0,
56,Calibri Light,Italic,calibrili.ttf,0,Calibri Light,Calibri-LightItalic,Calibri Light Italic,2,Calibri Light,Calibri-LightItalic,1,300,66,536871359,0,3825209087,1073751163,1,0,
57,Calibri,Bold Italic,calibriz.ttf,0,Calibri,Calibri-BoldItalic,Calibri Bold Italic,2,Calibri,Calibri-BoldItalic,1,700,262210,536871359,0,3825209087,1073751163,1,0,
58,Californian FB,Bold,CALIFB.TTF,0,Californian FB,CalifornianFB-Bold,Californian FB Bold,2,Californian FB,CalifornianFB-Bold,0,700,262146,536870913,0,3,0,0,0,
59,Californian FB,Italic,CALIFI.TTF,0,Californian FB,CalifornianFB-Italic,Californian FB Italic,2,Californian FB,CalifornianFB-Italic,1,400,66,536870913,0,3,0,0,0,
60,Californian FB,Regular,CALIFR.TTF,0,Californian FB,CalifornianFB-Reg,Californian FB,2,Californian FB,CalifornianFB-Reg,0,400,2,536870913,0,3,0,0,0,
61,Calisto MT,Regular,CALIST.TTF,0,Calisto MT,CalistoMT,Calisto MT,2,Calisto MT,CalistoMT,0,400,2,536870913,0,3,0,0,0,
62,Calisto MT,Bold,CALISTB.TTF,0,Calisto MT,CalisMTBol,Calisto MT Bold,3,Calisto MT,CalisMTBol,Calisto MT Bold,0,700,262146,536870913,0,3,0,0,0,
63,Calisto MT,Bold Italic,CALISTBI.TTF,0,Calisto MT,CalistoMT-BoldItalic,Calisto MT Bold Italic,2,Calisto MT,CalistoMT-BoldItalic,1,700,262210,536870913,0,3,0,0,0,
64,Calisto MT,Italic,CALISTI.TTF,0,Calisto MT,CalistoMT-Italic,Calisto MT Italic,2,Calisto MT,CalistoMT-Italic,1,400,66,536870913,0,3,0,0,0,
65,Cambria,Regular,cambria.ttc,0,Cambria,Cambria,Cambria,1,Cambria,0,400,2,536871327,0,3758098175,1107305727,33554432,0,
66,Cambria,Bold,cambriab.ttf,0,Cambria,Cambria-Bold,Cambria Bold,2,Cambria,Cambria-Bold,0,700,262146,536871327,0,3758098175,1073742943,0,0,
67,Cambria,Italic,cambriai.ttf,0,Cambria,Cambria-Italic,Cambria Italic,2,Cambria,Cambria-Italic,1,400,66,536871327,0,3758098175,1073742943,0,0,
68,Cambria,Bold Italic,cambriaz.ttf,0,Cambria,Cambria-BoldItalic,Cambria Bold Italic,2,Cambria,Cambria-BoldItalic,1,700,262210,536871327,0,3758098175,1073742943,0,0,
69,Candara,Regular,Candara.ttf,0,Candara,Candara,Candara,1,Candara,0,400,2,536871327,0,2684355311,1073783883,0,0,
70,Candara,Bold,Candarab.ttf,0,Candara,Candara-Bold,Candara Bold,2,Candara,Candara-Bold,0,700,262146,536871327,0,2684355311,1073783883,0,0,
71,Candara,Italic,Candarai.ttf,0,Candara,Candara-Italic,Candara Italic,2,Candara,Candara-Italic,1,400,66,536871327,0,2684355311,1073783883,0,0,
72,Candara Light,Regular,Candaral.ttf,0,Candara Light,Candara-Light,Candara Light,3,Candara Light,Candara-Light,Candara,0,400,2,415,0,2684355327,2,0,0,
73,Candara Light,Italic,Candarali.ttf,0,Candara Light,Candara-LightItalic,Candara Light Italic,3,Candara Light,Candara-LightItalic,Candara,1,400,66,415,0,2684355327,2,0,0,
74,Candara,Bold Italic,Candaraz.ttf,0,Candara,Candara-BoldItalic,Candara Bold Italic,2,Candara,Candara-BoldItalic,1,700,262210,536871327,0,2684355311,1073783883,0,0,
75,Castellar,Regular,CASTELAR.TTF,0,Castellar,Castellar,Castellar,1,Castellar,0,400,0,536870913,0,3,0,0,0,
76,Century Schoolbook,Regular,CENSCBK.TTF,0,Century Schoolbook,CenturySchoolbook,Century Schoolbook,2,Century Schoolbook,CenturySchoolbook,0,400,2,536871071,3755409408,647,0,0,0,
77,Centaur,Regular,CENTAUR.TTF,0,Centaur,Centaur,Centaur,1,Centaur,0,400,2,536870913,0,3,0,0,0,
78,Century,Regular,CENTURY.TTF,0,Century,Century,Century,1,Century,0,400,2,536871071,3755409408,647,0,0,0,
79,Chiller,Regular,CHILLER.TTF,0,Chiller,Chiller-Regular,Chiller,2,Chiller,Chiller-Regular,0,400,0,536870913,0,3,0,0,0,
80,Colonna MT,Regular,COLONNA.TTF,0,Colonna MT,ColonnaMT,Colonna MT,2,Colonna MT,ColonnaMT,0,400,0,536870913,0,3,0,0,0,
81,Comic Sans MS,Regular,comic.ttf,0,Comic Sans MS,ComicSansMS,Comic Sans MS,2,Comic Sans MS,ComicSansMS,0,400,0,536871071,0,647,19,0,0,
82,Comic Sans MS,Bold,comicbd.ttf,0,Comic Sans MS,ComicSansMS-Bold,Comic Sans MS Bold,2,Comic Sans MS,ComicSansMS-Bold,0,700,262144,536871071,0,647,19,0,0,
83,Comic Sans MS,Italic,comici.ttf,0,Comic Sans MS,ComicSansMS-Italic,Comic Sans MS Italic,2,Comic Sans MS,ComicSansMS-Italic,1,400,64,536871071,0,647,19,0,0,
84,Comic Sans MS,Bold Italic,comicz.ttf,0,Comic Sans MS,ComicSansMS-BoldItalic,Comic Sans MS Bold Italic,2,Comic Sans MS,ComicSansMS-BoldItalic,1,700,262208,536871071,0,647,19,0,0,
85,Consolas,Regular,consola.ttf,0,Consolas,Consolas,Consolas,1,Consolas,0,400,1,1610613151,3755409408,3758098175,64767,1,0,
86,Consolas,Bold,consolab.ttf,0,Consolas,Consolas-Bold,Consolas Bold,2,Consolas,Consolas-Bold,0,700,262145,1610613151,3755409408,3758098175,64767,1,0,
87,Consolas,Italic,consolai.ttf,0,Consolas,Consolas-Italic,Consolas Italic,2,Consolas,Consolas-Italic,1,400,65,1610613151,3755409408,3758098175,64767,1,0,
88,Consolas,Bold Italic,consolaz.ttf,0,Consolas,Consolas-BoldItalic,Consolas Bold Italic,2,Consolas,Consolas-BoldItalic,1,700,262209,1610613151,3755409408,3758098175,64767,1,0,
89,Constantia,Regular,constan.ttf,0,Constantia,Constantia,Constantia,1,Constantia,0,400,2,536871327,0,2684355311,1073750091,0,0,
90,Constantia,Bold,constanb.ttf,0,Constantia,Constantia-Bold,Constantia Bold,2,Constantia,Constantia-Bold,0,700,262146,536871327,0,2684355311,1073750091,0,0,
91,Constantia,Italic,constani.ttf,0,Constantia,Constantia-Italic,Constantia Italic,2,Constantia,Constantia-Italic,1,400,66,536871327,0,2684355311,1073750091,0,0,
92,Constantia,Bold Italic,constanz.ttf,0,Constantia,Constantia-BoldItalic,Constantia Bold Italic,2,Constantia,Constantia-BoldItalic,1,700,262210,536871327,0,2684355311,1073750091,0,0,
93,Cooper Black,Regular,COOPBL.TTF,0,Cooper Black,CooperBlack,Cooper Black,2,Cooper Black,CooperBlack,0,400,2,536870913,0,3,0,0,0,
94,Copperplate Gothic Bold,Regular,COPRGTB.TTF,0,Copperplate Gothic Bold,CopperplateGothic-Bold,Copperplate Gothic Bold,2,Copperplate Gothic Bold,CopperplateGothic-Bold,0,700,262146,536870913,0,3,0,0,0,
95,Copperplate Gothic Light,Regular,COPRGTL.TTF,0,Copperplate Gothic Light,CopperplateGothic-Light,Copperplate Gothic Light,2,Copperplate Gothic Light,CopperplateGothic-Light,0,400,2,536870913,0,3,0,0,0,
96,Corbel,Regular,corbel.ttf,0,Corbel,Corbel,Corbel,1,Corbel,0,400,0,536871327,0,2684355311,1073783883,0,0,
97,Corbel,Bold,corbelb.ttf,0,Corbel,Corbel-Bold,Corbel Bold,2,Corbel,Corbel-Bold,0,700,262144,536871327,0,2684355311,1073783883,0,0,
98,Corbel,Italic,corbeli.ttf,0,Corbel,Corbel-Italic,Corbel Italic,2,Corbel,Corbel-Italic,1,400,64,536871327,0,2684355311,1073783883,0,0,
99,Corbel Light,Regular,corbell.ttf,0,Corbel Light,CorbelLight,Corbel Light,2,Corbel Light,CorbelLight,0,300,0,536871327,0,2684355311,1073783883,0,0,
100,Corbel Light,Italic,corbelli.ttf,0,Corbel Light,CorbelLight-Italic,Corbel Light Italic,2,Corbel Light,CorbelLight-Italic,1,300,64,536871327,0,2684355311,1073783883,0,0,
101,Corbel,Bold Italic,corbelz.ttf,0,Corbel,Corbel-BoldItalic,Corbel Bold Italic,2,Corbel,Corbel-BoldItalic,1,700,262208,536871327,0,2684355311,1073783883,0,0,
102,Courier New,Regular,cour.ttf,0,Courier New,CourierNewPSMT,Courier New,2,Courier New,CourierNewPSMT,0,400,3,1073742335,4294901760,3758108415,3221256259,9,0,
103,Courier New,Bold,courbd.ttf,0,Courier New,CourierNewPS-BoldMT,Courier New Bold,3,Courier New,CourierNewPS-BoldMT,Courier New Bold,0,700,262147,1073742335,4294901760,3758108415,3221256259,9,0,
104,Courier New,Bold Italic,courbi.ttf,0,Courier New,CourierNewPS-BoldItalicMT,Courier New Bold Italic,3,Courier New,CourierNewPS-BoldItalicMT,Courier New Bold Italic,1,700,262211,1073742271,3757506560,3758100223,1073772611,1,0,
105,Courier New,Italic,couri.ttf,0,Courier New,CourierNewPS-ItalicMT,Courier New Italic,3,Courier New,CourierNewPS-ItalicMT,Courier New Italic,1,400,67,1073742271,3757506560,3758100223,1073772611,1,0,
106,Curlz MT,Regular,CURLZ___.TTF,0,Curlz MT,CurlzMT,Curlz MT,2,Curlz MT,CurlzMT,0,400,0,536870913,0,3,0,0,0,
107,DengXian,Regular,Deng.ttf,0,DengXian,DengXian,DengXian,3,DengXian,DengXian Regular,等线,0,400,0,262159,0,2684355263,953122042,22,0,
108,DengXian,Bold,Dengb.ttf,0,DengXian,DengXian-Bold,DengXian Bold,4,DengXian,DengXian-Bold,等线,等线 Bold,0,700,262144,262159,0,2684355263,953122042,22,0,
109,DengXian Light,Regular,Dengl.ttf,0,DengXian Light,DengXian-Light,DengXian Light,3,DengXian Light,DengXian-Light,等线 Light,0,300,0,262159,0,2684355263,953122042,22,0,
110,Droid Serif,Bold,DroidSerif-Bold.ttf,0,Droid Serif,DroidSerif-Bold,Droid Serif Bold,2,Droid Serif,DroidSerif-Bold,0,700,262146,536871327,0,3758097135,1073750107,40,0,
111,Droid Serif,Bold Italic,DroidSerif-BoldItalic.ttf,0,Droid Serif,DroidSerif-BoldItalic,Droid Serif Bold Italic,2,Droid Serif,DroidSerif-BoldItalic,1,700,262210,536871327,0,3758097135,1073750107,40,0,
112,Droid Serif,Italic,DroidSerif-Italic.ttf,0,Droid Serif,DroidSerif-Italic,Droid Serif Italic,2,Droid Serif,DroidSerif-Italic,1,400,66,536871327,0,3758097135,1073750107,40,0,
113,Droid Serif,Regular,DroidSerif.ttf,0,Droid Serif,DroidSerif,Droid Serif,2,Droid Serif,DroidSerif,0,400,2,536871327,0,3758097135,1073750107,40,0,
114,Dubai,Bold,DUBAI-BOLD.TTF,0,Dubai,Dubai-Bold,Dubai Bold,2,Dubai,Dubai-Bold,0,700,262144,536870977,0,2147491943,2147483648,8,0,
115,Dubai Light,Regular,DUBAI-LIGHT.TTF,0,Dubai Light,Dubai-Light,Dubai Light,2,Dubai Light,Dubai-Light,0,300,0,536870977,0,2147491943,2147483648,8,0,
116,Dubai Medium,Regular,DUBAI-MEDIUM.TTF,0,Dubai Medium,Dubai-Medium,Dubai Medium,2,Dubai Medium,Dubai-Medium,0,500,0,536870977,0,2147491943,2147483648,8,0,
117,Dubai,Regular,DUBAI-REGULAR.TTF,0,Dubai,Dubai-Regular,Dubai,2,Dubai,Dubai-Regular,0,400,0,536870977,0,2147491943,2147483648,8,0,
118,Ebrima,Regular,ebrima.ttf,0,Ebrima,Ebrima,Ebrima,1,Ebrima,0,400,0,147,0,2684375135,33554497,2048,1028,
119,Ebrima,Bold,ebrimabd.ttf,0,Ebrima,Ebrima-Bold,Ebrima Bold,2,Ebrima,Ebrima-Bold,0,700,262144,147,0,2684375135,33554497,2048,1028,
120,Elephant,Regular,ELEPHNT.TTF,0,Elephant,Elephant-Regular,Elephant,2,Elephant,Elephant-Regular,0,400,2,536870913,0,3,0,0,0,
121,Elephant,Italic,ELEPHNTI.TTF,0,Elephant,Elephant-Italic,Elephant Italic,2,Elephant,Elephant-Italic,1,400,66,536870913,0,3,0,0,0,
122,Engravers MT,Regular,ENGR.TTF,0,Engravers MT,EngraversMT,Engravers MT,2,Engravers MT,EngraversMT,0,500,2,536870913,0,3,0,0,0,
123,Eras Bold ITC,Regular,ERASBD.TTF,0,Eras Bold ITC,ErasITC-Bold,Eras Bold ITC,2,Eras Bold ITC,ErasITC-Bold,0,700,262144,536870913,0,3,0,0,0,
124,Eras Demi ITC,Regular,ERASDEMI.TTF,0,Eras Demi ITC,ErasITC-Demi,Eras Demi ITC,2,Eras Demi ITC,ErasITC-Demi,0,400,0,536870913,0,3,0,0,0,
125,Eras Light ITC,Regular,ERASLGHT.TTF,0,Eras Light ITC,ErasITC-Light,Eras Light ITC,2,Eras Light ITC,ErasITC-Light,0,400,0,536870913,0,3,0,0,0,
126,Eras Medium ITC,Regular,ERASMD.TTF,0,Eras Medium ITC,ErasITC-Medium,Eras Medium ITC,2,Eras Medium ITC,ErasITC-Medium,0,400,0,536870913,0,3,0,0,0,
127,Felix Titling,Regular,FELIXTI.TTF,0,Felix Titling,FelixTitlingMT,Felix Titling,2,Felix Titling,FelixTitlingMT,0,400,0,536870913,0,3,0,0,0,
128,Forte,Regular,FORTE.TTF,0,Forte,ForteMT,Forte,2,Forte,ForteMT,0,400,0,536870913,0,3,0,0,0,
129,Franklin Gothic Book,Regular,FRABK.TTF,0,Franklin Gothic Book,FranklinGothic-Book,Franklin Gothic Book,2,Franklin Gothic Book,FranklinGothic-Book,0,400,0,536871071,3755409408,647,0,0,0,
130,Franklin Gothic Book,Italic,FRABKIT.TTF,0,Franklin Gothic Book,FranklinGothic-BookItalic,Franklin Gothic Book Italic,2,Franklin Gothic Book,FranklinGothic-BookItalic,1,400,64,536871071,3755409408,647,0,0,0,
131,Franklin Gothic Demi,Regular,FRADM.TTF,0,Franklin Gothic Demi,FranklinGothic-Demi,Franklin Gothic Demi,2,Franklin Gothic Demi,FranklinGothic-Demi,0,400,0,536871071,3755409408,647,0,0,0,
132,Franklin Gothic Demi Cond,Regular,FRADMCN.TTF,0,Franklin Gothic Demi Cond,FranklinGothic-DemiCond,Franklin Gothic Demi Cond,2,Franklin Gothic Demi Cond,FranklinGothic-DemiCond,0,400,0,536871071,3755409408,647,0,0,0,
133,Franklin Gothic Demi,Italic,FRADMIT.TTF,0,Franklin Gothic Demi,FranklinGothic-DemiItalic,Franklin Gothic Demi Italic,2,Franklin Gothic Demi,FranklinGothic-DemiItalic,1,400,64,536871071,3755409408,647,0,0,0,
134,Franklin Gothic Heavy,Regular,FRAHV.TTF,0,Franklin Gothic Heavy,FranklinGothic-Heavy,Franklin Gothic Heavy,2,Franklin Gothic Heavy,FranklinGothic-Heavy,0,400,0,536871071,3755409408,647,0,0,0,
135,Franklin Gothic Heavy,Italic,FRAHVIT.TTF,0,Franklin Gothic Heavy,FranklinGothic-HeavyItalic,Franklin Gothic Heavy Italic,2,Franklin Gothic Heavy,FranklinGothic-HeavyItalic,1,400,64,536871071,3755409408,647,0,0,0,
136,Franklin Gothic Medium,Regular,framd.ttf,0,Franklin Gothic Medium,FranklinGothic-Medium,Franklin Gothic Medium,2,Franklin Gothic Medium,FranklinGothic-Medium,0,400,0,536871071,3755409408,647,0,0,0,
137,Franklin Gothic Medium Cond,Regular,FRAMDCN.TTF,0,Franklin Gothic Medium Cond,FranklinGothic-MediumCond,Franklin Gothic Medium Cond,2,Franklin Gothic Medium Cond,FranklinGothic-MediumCond,0,400,0,536871071,3755409408,647,0,0,0,
138,Franklin Gothic Medium,Italic,framdit.ttf,0,Franklin Gothic Medium,FranklinGothic-MediumItalic,Franklin Gothic Medium Italic,2,Franklin Gothic Medium,FranklinGothic-MediumItalic,1,400,64,536871071,3755409408,647,0,0,0,
139,Freestyle Script,Regular,FREESCPT.TTF,0,Freestyle Script,FreestyleScript-Regular,Freestyle Script,2,Freestyle Script,FreestyleScript-Regular,0,400,0,536870913,0,3,0,0,0,
140,French Script MT,Regular,FRSCRIPT.TTF,0,French Script MT,FrenchScriptMT,French Script MT,2,French Script MT,FrenchScriptMT,0,400,0,536870913,0,3,0,0,0,
141,Footlight MT Light,Regular,FTLTLT.TTF,0,Footlight MT Light,FootlightMTLight,Footlight MT Light,2,Footlight MT Light,FootlightMTLight,0,300,2,536870913,0,3,0,0,0,
142,FZShuTi,Regular,FZSTK.TTF,0,FZShuTi,FZSTK--GBK1-0,FZShuTi,3,FZShuTi,FZSTK--GBK1-0,方正舒体,0,400,0,262144,0,3,135135232,0,0,
143,FZYaoTi,Regular,FZYTK.TTF,0,FZYaoTi,FZYTK--GBK1-0,FZYaoTi,3,FZYaoTi,FZYTK--GBK1-0,方正姚体,0,400,0,262144,0,3,135135232,0,0,
144,Gabriola,Regular,Gabriola.ttf,0,Gabriola,Gabriola,Gabriola,1,Gabriola,0,400,0,536871071,0,3758097135,1342185547,0,0,
145,Gadugi,Regular,gadugi.ttf,0,Gadugi,Gadugi,Gadugi,1,Gadugi,0,400,0,1,0,2147483651,33554432,12288,0,
146,Gadugi,Bold,gadugib.ttf,0,Gadugi,Gadugi-Bold,Gadugi Bold,2,Gadugi,Gadugi-Bold,0,700,262144,1,0,2147483651,33554432,12288,0,
147,Garamond,Regular,GARA.TTF,0,Garamond,Garamond,Garamond,1,Garamond,0,400,2,159,3755409408,647,0,0,0,
148,Garamond,Bold,GARABD.TTF,0,Garamond,Garamond-Bold,Garamond Bold,2,Garamond,Garamond-Bold,0,700,262146,159,3755409408,647,0,0,0,
149,Garamond,Italic,GARAIT.TTF,0,Garamond,Garamond-Italic,Garamond Italic,2,Garamond,Garamond-Italic,1,400,66,536871071,3755409408,647,0,0,0,
150,Georgia,Regular,georgia.ttf,0,Georgia,Georgia,Georgia,1,Georgia,0,400,2,536871071,0,647,0,0,0,
151,Georgia,Bold,georgiab.ttf,0,Georgia,Georgia-Bold,Georgia Bold,2,Georgia,Georgia-Bold,0,700,262146,536871071,0,647,0,0,0,
152,Georgia,Italic,georgiai.ttf,0,Georgia,Georgia-Italic,Georgia Italic,2,Georgia,Georgia-Italic,1,400,66,536871071,0,647,0,0,0,
153,Georgia,Bold Italic,georgiaz.ttf,0,Georgia,Georgia-BoldItalic,Georgia Bold Italic,2,Georgia,Georgia-BoldItalic,1,700,262210,536871071,0,647,0,0,0,
154,Gigi,Regular,GIGI.TTF,0,Gigi,Gigi-Regular,Gigi,2,Gigi,Gigi-Regular,0,400,0,536870913,0,3,0,0,0,
155,Gill Sans MT,Bold Italic,GILBI___.TTF,0,Gill Sans MT,GillSansMT-BoldItalic,Gill Sans MT Bold Italic,2,Gill Sans MT,GillSansMT-BoldItalic,1,700,262208,536870915,0,3,0,0,0,
156,Gill Sans MT,Bold,GILB____.TTF,0,Gill Sans MT,GillSansMT-Bold,Gill Sans MT Bold,2,Gill Sans MT,GillSansMT-Bold,0,700,262144,536870915,0,3,0,0,0,
157,Gill Sans MT Condensed,Regular,GILC____.TTF,0,Gill Sans MT Condensed,GillSansMT-Condensed,Gill Sans MT Condensed,2,Gill Sans MT Condensed,GillSansMT-Condensed,0,400,0,536870915,0,3,0,0,0,
158,Gill Sans MT,Italic,GILI____.TTF,0,Gill Sans MT,GillSansMT-Italic,Gill Sans MT Italic,2,Gill Sans MT,GillSansMT-Italic,1,400,64,536870915,0,3,0,0,0,
159,Gill Sans Ultra Bold Condensed,Regular,GILLUBCD.TTF,0,Gill Sans Ultra Bold Condensed,GillSans-UltraBoldCondensed,Gill Sans Ultra Bold Condensed,2,Gill Sans Ultra Bold Condensed,GillSans-UltraBoldCondensed,0,400,0,3,0,3,0,0,0,
160,Gill Sans Ultra Bold,Regular,GILSANUB.TTF,0,Gill Sans Ultra Bold,GillSans-UltraBold,Gill Sans Ultra Bold,2,Gill Sans Ultra Bold,GillSans-UltraBold,0,400,0,536870915,0,3,0,0,0,
161,Gill Sans MT,Regular,GIL_____.TTF,0,Gill Sans MT,GillSansMT,Gill Sans MT,2,Gill Sans MT,GillSansMT,0,400,0,536870915,0,3,0,0,0,
162,Gloucester MT Extra Condensed,Regular,GLECB.TTF,0,Gloucester MT Extra Condensed,GloucesterMT-ExtraCondensed,Gloucester MT Extra Condensed,2,Gloucester MT Extra Condensed,GloucesterMT-ExtraCondensed,0,400,2,536870913,0,3,0,0,0,
163,Gill Sans MT Ext Condensed Bold,Regular,GLSNECB.TTF,0,Gill Sans MT Ext Condensed Bold,GillSansMT-ExtraCondensedBold,Gill Sans MT Ext Condensed Bold,2,Gill Sans MT Ext Condensed Bold,GillSansMT-ExtraCondensedBold,0,400,0,536870915,0,3,0,0,0,
164,Century Gothic,Regular,GOTHIC.TTF,0,Century Gothic,CenturyGothic,Century Gothic,2,Century Gothic,CenturyGothic,0,400,0,536871071,3755409408,647,0,0,0,
165,Century Gothic,Bold,GOTHICB.TTF,0,Century Gothic,CenturyGothic-Bold,Century Gothic Bold,2,Century Gothic,CenturyGothic-Bold,0,700,262144,536871071,3755409408,647,0,0,0,
166,Century Gothic,Bold Italic,GOTHICBI.TTF,0,Century Gothic,CenturyGothic-BoldItalic,Century Gothic Bold Italic,2,Century Gothic,CenturyGothic-BoldItalic,1,700,262208,536871071,3755409408,647,0,0,0,
167,Century Gothic,Italic,GOTHICI.TTF,0,Century Gothic,CenturyGothic-Italic,Century Gothic Italic,2,Century Gothic,CenturyGothic-Italic,1,400,64,536871071,3755409408,647,0,0,0,
168,Goudy Old Style,Regular,GOUDOS.TTF,0,Goudy Old Style,GoudyOldStyleT-Regular,Goudy Old Style,2,Goudy Old Style,GoudyOldStyleT-Regular,0,400,2,536870913,0,3,0,0,0,
169,Goudy Old Style,Bold,GOUDOSB.TTF,0,Goudy Old Style,GoudyOldStyleT-Bold,Goudy Old Style Bold,3,Goudy Old Style,GoudyOldStyleT-Bold,Goudy Old Style Bold,0,700,262146,536870913,0,3,0,0,0,
170,Goudy Old Style,Italic,GOUDOSI.TTF,0,Goudy Old Style,GoudyOldStyleT-Italic,Goudy Old Style Italic,3,Goudy Old Style,GoudyOldStyleT-Italic,Goudy Old Style Italic,1,400,66,536870913,0,3,0,0,0,
171,Goudy Stout,Regular,GOUDYSTO.TTF,0,Goudy Stout,GoudyStout,Goudy Stout,2,Goudy Stout,GoudyStout,0,400,2,536870913,0,3,0,0,0,
172,Harlow Solid Italic,Italic,HARLOWSI.TTF,0,Harlow Solid Italic,HarlowSolid,Harlow Solid Italic,2,Harlow Solid Italic,HarlowSolid,1,400,64,536870913,0,3,0,0,0,
173,Harrington,Regular,HARNGTON.TTF,0,Harrington,Harrington,Harrington,1,Harrington,0,400,0,536870913,0,3,0,0,0,
174,Haettenschweiler,Regular,HATTEN.TTF,0,Haettenschweiler,Haettenschweiler,Haettenschweiler,1,Haettenschweiler,0,400,0,536871071,3755409408,647,0,0,0,
175,Microsoft Himalaya,Regular,himalaya.ttf,0,Microsoft Himalaya,MicrosoftHimalaya,Microsoft Himalaya,2,Microsoft Himalaya,MicrosoftHimalaya,0,400,0,1,0,2147483651,65536,64,0,
176,HoloLens MDL2 Assets,Regular,holomdl2.ttf,0,HoloLens MDL2 Assets,HoloLensMDL2Assets,HoloLens MDL2 Assets,2,HoloLens MDL2 Assets,HoloLensMDL2Assets,0,400,0,1,0,0,268435456,0,0,
177,High Tower Text,Regular,HTOWERT.TTF,0,High Tower Text,HighTowerText-Reg,High Tower Text,2,High Tower Text,HighTowerText-Reg,0,400,2,536870913,0,3,0,0,0,
178,High Tower Text,Italic,HTOWERTI.TTF,0,High Tower Text,HighTowerText-Italic,High Tower Text Italic,2,High Tower Text,HighTowerText-Italic,1,400,66,536870913,0,3,0,0,0,
179,Impact,Regular,impact.ttf,0,Impact,Impact,Impact,1,Impact,0,400,0,536871071,3755409408,647,0,0,0,
180,Imprint MT Shadow,Regular,IMPRISHA.TTF,0,Imprint MT Shadow,ImprintMT-Shadow,Imprint MT Shadow,2,Imprint MT Shadow,ImprintMT-Shadow,0,400,0,536870913,0,3,0,0,0,
181,Indie Flower,Regular,IndieFlower.ttf,0,Indie Flower,IndieFlower,Indie Flower,2,Indie Flower,IndieFlower,0,400,0,147,0,2684354607,1342177354,0,0,
182,Informal Roman,Regular,INFROMAN.TTF,0,Informal Roman,InformalRoman-Regular,Informal Roman,2,Informal Roman,InformalRoman-Regular,0,400,0,536870913,0,3,0,0,0,
183,Ink Free,Regular,Inkfree.ttf,0,Ink Free,InkFree,Ink Free,2,Ink Free,InkFree,0,400,0,1,0,2147483651,0,0,0,
184,Blackadder ITC,Regular,ITCBLKAD.TTF,0,Blackadder ITC,BlackadderITC-Regular,Blackadder ITC,2,Blackadder ITC,BlackadderITC-Regular,0,400,0,536870913,0,3,0,0,0,
185,Edwardian Script ITC,Regular,ITCEDSCR.TTF,0,Edwardian Script ITC,EdwardianScriptITC,Edwardian Script ITC,2,Edwardian Script ITC,EdwardianScriptITC,0,400,0,536870913,0,3,0,0,0,
186,Kristen ITC,Regular,ITCKRIST.TTF,0,Kristen ITC,KristenITC-Regular,Kristen ITC,2,Kristen ITC,KristenITC-Regular,0,400,0,536870913,0,3,0,0,0,
187,Javanese Text,Regular,javatext.ttf,0,Javanese Text,JavaneseText,Javanese Text,2,Javanese Text,JavaneseText,0,400,0,1,0,2147483651,8192,0,0,
188,Jokerman,Regular,JOKERMAN.TTF,0,Jokerman,Jokerman-Regular,Jokerman,2,Jokerman,Jokerman-Regular,0,400,0,536870913,0,3,0,0,0,
189,Juice ITC,Regular,JUICE___.TTF,0,Juice ITC,JuiceITC-Regular,Juice ITC,2,Juice ITC,JuiceITC-Regular,0,400,0,536870913,0,3,0,0,0,
190,Kunstler Script,Regular,KUNSTLER.TTF,0,Kunstler Script,KunstlerScript,Kunstler Script,2,Kunstler Script,KunstlerScript,0,400,0,536870913,0,3,0,0,0,
191,Wide Latin,Regular,LATINWD.TTF,0,Wide Latin,LatinWide,Wide Latin,2,Wide Latin,LatinWide,0,400,0,536870913,0,3,0,0,0,
192,Lucida Bright,Regular,LBRITE.TTF,0,Lucida Bright,LucidaBright,Lucida Bright,2,Lucida Bright,LucidaBright,0,400,2,536870913,0,3,0,0,0,
193,Lucida Bright,Demibold,LBRITED.TTF,0,Lucida Bright,LucidaBright-Demi,Lucida Bright Demibold,3,Lucida Bright,LucidaBright-Demi,Lucida Bright Demibold,0,600,262146,536870913,0,3,0,0,0,
194,Lucida Bright,Demibold Italic,LBRITEDI.TTF,0,Lucida Bright,LucidaBright-DemiItalic,Lucida Bright Demibold Italic,3,Lucida Bright,LucidaBright-DemiItalic,Lucida Bright Demibold Italic,1,600,262210,536870913,0,3,0,0,0,
195,Lucida Bright,Italic,LBRITEI.TTF,0,Lucida Bright,LucidaBright-Italic,Lucida Bright Italic,2,Lucida Bright,LucidaBright-Italic,1,400,66,536870913,0,3,0,0,0,
196,Lucida Calligraphy,Italic,LCALLIG.TTF,0,Lucida Calligraphy,LucidaCalligraphy-Italic,Lucida Calligraphy Italic,2,Lucida Calligraphy,LucidaCalligraphy-Italic,0,400,64,536870913,0,3,0,0,0,
197,Leelawadee UI,Bold,LeelaUIb.ttf,0,Leelawadee UI,LeelawadeeUI-Bold,Leelawadee UI Bold,2,Leelawadee UI,LeelawadeeUI-Bold,0,700,262144,65793,0,2197815299,0,65536,1,
198,Leelawadee,Regular,LEELAWAD.TTF,0,Leelawadee,Leelawadee,Leelawadee,1,Leelawadee,0,400,0,536936449,0,16777217,0,0,0,
199,Leelawadee,Bold,LEELAWDB.TTF,0,Leelawadee,Leelawadee-Bold,Leelawadee Bold,2,Leelawadee,Leelawadee-Bold,0,700,262144,536936449,0,16777217,0,0,0,
200,Leelawadee UI,Regular,LeelawUI.ttf,0,Leelawadee UI,LeelawadeeUI,Leelawadee UI,2,Leelawadee UI,LeelawadeeUI,0,400,0,65793,0,2197815299,0,65536,1,
201,Leelawadee UI Semilight,Regular,LeelUIsl.ttf,0,Leelawadee UI Semilight,LeelawadeeUI-Semilight,Leelawadee UI Semilight,2,Leelawadee UI Semilight,LeelawadeeUI-Semilight,0,350,0,65793,0,2197815299,0,65536,1,
202,Lucida Fax,Regular,LFAX.TTF,0,Lucida Fax,LucidaFax,Lucida Fax,3,Lucida Fax,LucidaFax,Lucida Fax Regular,0,400,2,536870913,0,3,0,0,0,
203,Lucida Fax,Demibold,LFAXD.TTF,0,Lucida Fax,LucidaFax-Demi,Lucida Fax Demibold,3,Lucida Fax,LucidaFax-Demi,Lucida Fax Demibold,0,600,262146,536870913,0,3,0,0,0,
204,Lucida Fax,Demibold Italic,LFAXDI.TTF,0,Lucida Fax,LucidaFax-DemiItalic,Lucida Fax Demibold Italic,3,Lucida Fax,LucidaFax-DemiItalic,Lucida Fax Demibold Italic,1,600,262210,536870913,0,3,0,0,0,
205,Lucida Fax,Italic,LFAXI.TTF,0,Lucida Fax,LucidaFax-Italic,Lucida Fax Italic,2,Lucida Fax,LucidaFax-Italic,1,400,66,536870913,0,3,0,0,0,
206,Lucida Handwriting,Italic,LHANDW.TTF,0,Lucida Handwriting,LucidaHandwriting-Italic,Lucida Handwriting Italic,2,Lucida Handwriting,LucidaHandwriting-Italic,0,400,64,536870913,0,3,0,0,0,
207,Lobster,Regular,Lobster-Regular.ttf,0,Lobster,Lobster-Regular,Lobster,2,Lobster,Lobster-Regular,0,400,0,536871319,0,2684355327,1342185563,0,0,
208,Lucida Sans,Regular,LSANS.TTF,0,Lucida Sans,LucidaSans,Lucida Sans,3,Lucida Sans,LucidaSans,Lucida Sans Regular,0,400,0,536870913,0,3,0,0,0,
209,Lucida Sans,Demibold Roman,LSANSD.TTF,0,Lucida Sans,LucidaSans-Demi,Lucida Sans Demibold Roman,3,Lucida Sans,LucidaSans-Demi,Lucida Sans Demibold Roman,0,600,262144,536870913,0,3,0,0,0,
210,Lucida Sans,Demibold Italic,LSANSDI.TTF,0,Lucida Sans,LucidaSans-DemiItalic,Lucida Sans Demibold Italic,3,Lucida Sans,LucidaSans-DemiItalic,Lucida Sans Demibold Italic,1,600,262208,536870913,0,3,0,0,0,
211,Lucida Sans,Italic,LSANSI.TTF,0,Lucida Sans,LucidaSans-Italic,Lucida Sans Italic,2,Lucida Sans,LucidaSans-Italic,1,400,64,536870913,0,3,0,0,0,
212,Lucida Sans Typewriter,Regular,LTYPE.TTF,0,Lucida Sans Typewriter,LucidaSans-Typewriter,Lucida Sans Typewriter,3,Lucida Sans Typewriter,LucidaSans-Typewriter,Lucida Sans Typewriter Regular,0,400,1,536870913,0,3,0,0,0,
213,Lucida Sans Typewriter,Bold,LTYPEB.TTF,0,Lucida Sans Typewriter,LucidaSans-TypewriterBold,Lucida Sans Typewriter Bold,2,Lucida Sans Typewriter,LucidaSans-TypewriterBold,0,600,262145,536870913,0,3,0,0,0,
214,Lucida Sans Typewriter,Bold Oblique,LTYPEBO.TTF,0,Lucida Sans Typewriter,LucidaSans-TypewriterBoldOblique,Lucida Sans Typewriter Bold Oblique,2,Lucida Sans Typewriter,LucidaSans-TypewriterBoldOblique,1,600,262209,536870913,0,3,0,0,0,
215,Lucida Sans Typewriter,Oblique,LTYPEO.TTF,0,Lucida Sans Typewriter,LucidaSans-TypewriterOblique,Lucida Sans Typewriter Oblique,2,Lucida Sans Typewriter,LucidaSans-TypewriterOblique,1,400,65,536870913,0,3,0,0,0,
216,Lucida Console,Regular,lucon.ttf,0,Lucida Console,LucidaConsole,Lucida Console,2,Lucida Console,LucidaConsole,0,400,1,31,3621191680,2147484303,6144,0,0,
217,Lucida Sans Unicode,Regular,l_10646.ttf,0,Lucida Sans Unicode,LucidaSansUnicode,Lucida Sans Unicode,2,Lucida Sans Unicode,LucidaSansUnicode,0,400,0,536871103,3623288832,2147490559,14699,0,0,
218,Magneto,Bold,MAGNETOB.TTF,0,Magneto,Magneto-Bold,Magneto Bold,2,Magneto,Magneto-Bold,0,700,262144,536870913,0,3,0,0,0,
219,Maiandra GD,Regular,MAIAN.TTF,0,Maiandra GD,MaiandraGD-Regular,Maiandra GD,2,Maiandra GD,MaiandraGD-Regular,0,400,2,536870913,0,3,0,0,0,
220,Malgun Gothic,Regular,malgun.ttf,0,Malgun Gothic,MalgunGothic,Malgun Gothic,3,Malgun Gothic,MalgunGothic,맑은 고딕,0,400,0,524289,0,2415919151,701988091,18,0,
221,Malgun Gothic,Bold,malgunbd.ttf,0,Malgun Gothic,MalgunGothicBold,Malgun Gothic Bold,4,Malgun Gothic,MalgunGothicBold,맑은 고딕,맑은 고딕 Bold,0,700,262144,524289,0,2415919151,701988091,18,0,
222,Malgun Gothic Semilight,Regular,malgunsl.ttf,0,Malgun Gothic Semilight,MalgunGothic-Semilight,Malgun Gothic Semilight,3,Malgun Gothic Semilight,MalgunGothic-Semilight,맑은 고딕 Semilight,0,300,0,540934589,3623813120,2415919791,30899451,18,0,
223,Marlett,Regular,marlett.ttf,0,Marlett,Marlett,Marlett,1,Marlett,0,500,4,2147483648,0,0,0,0,0,
224,Matura MT Script Capitals,Regular,MATURASC.TTF,0,Matura MT Script Capitals,MaturaMTScriptCapitals,Matura MT Script Capitals,2,Matura MT Script Capitals,MaturaMTScriptCapitals,0,400,0,536870913,0,3,0,0,0,
225,Microsoft Sans Serif,Regular,micross.ttf,0,Microsoft Sans Serif,MicrosoftSansSerif,Microsoft Sans Serif,2,Microsoft Sans Serif,MicrosoftSansSerif,0,400,0,536936959,539492352,3841994495,3221250139,41,0,
226,MingLiU-ExtB,Regular,mingliub.ttc,0,MingLiU-ExtB,MingLiU-ExtB,MingLiU-ExtB,2,MingLiU-ExtB,細明體-ExtB,0,400,2,1048577,0,2147483695,33554440,0,0,
227,Mistral,Regular,MISTRAL.TTF,0,Mistral,Mistral,Mistral,1,Mistral,0,400,0,536871071,3755409408,647,0,0,0,
228,Myanmar Text,Regular,mmrtext.ttf,0,Myanmar Text,MyanmarText,Myanmar Text,2,Myanmar Text,MyanmarText,0,400,0,1,0,2147483651,0,1024,0,
229,Myanmar Text,Bold,mmrtextb.ttf,0,Myanmar Text,MyanmarText-Bold,Myanmar Text Bold,2,Myanmar Text,MyanmarText-Bold,0,700,262144,1,0,2147483651,0,1024,0,
230,Modern No. 20,Regular,MOD20.TTF,0,Modern No. 20,Modern-Regular,Modern No. 20,2,Modern No. 20,Modern-Regular,0,400,2,536870913,0,3,0,0,0,
231,Mongolian Baiti,Regular,monbaiti.ttf,0,Mongolian Baiti,MongolianBaiti,Mongolian Baiti,2,Mongolian Baiti,MongolianBaiti,0,400,0,1,0,2147483683,0,131072,0,
232,MS Gothic,Regular,msgothic.ttc,0,MS Gothic,MS-Gothic,MS Gothic,3,MS Gothic,MS-Gothic,ＭＳ ゴシック,0,400,1,1073873055,3755409408,3758097151,1791491579,134217746,0,
233,Microsoft JhengHei,Regular,msjh.ttc,0,Microsoft JhengHei,MicrosoftJhengHeiRegular,Microsoft JhengHei,3,Microsoft JhengHei,MicrosoftJhengHeiRegular,微軟正黑體,0,400,0,1048585,0,679,684672000,22,0,
234,Microsoft JhengHei,Bold,msjhbd.ttc,0,Microsoft JhengHei,MicrosoftJhengHeiBold,Microsoft JhengHei Bold,4,Microsoft JhengHei,MicrosoftJhengHeiBold,微軟正黑體,微軟正黑體 Bold,0,700,262144,1048585,0,679,684672000,22,0,
235,Microsoft JhengHei Light,Regular,msjhl.ttc,0,Microsoft JhengHei Light,MicrosoftJhengHeiLight,Microsoft JhengHei Light,3,Microsoft JhengHei Light,MicrosoftJhengHeiLight,微軟正黑體 Light,0,290,0,1048585,0,2147484327,684672000,22,0,
236,Microsoft Uighur,Bold,MSUIGHUB.TTF,0,Microsoft Uighur,MicrosoftUighur-Bold,Microsoft Uighur Bold,2,Microsoft Uighur,MicrosoftUighur-Bold,0,700,262144,65,0,2147491875,2147483650,8,0,
237,Microsoft Uighur,Regular,MSUIGHUR.TTF,0,Microsoft Uighur,MicrosoftUighur,Microsoft Uighur,2,Microsoft Uighur,MicrosoftUighur,0,400,0,65,0,2147491875,2147483650,8,0,
238,Microsoft YaHei,Regular,msyh.ttc,0,Microsoft YaHei,MicrosoftYaHei,Microsoft YaHei,4,Microsoft YaHei,MicrosoftYaHei,微软雅黑,MicrosoftYaHeiRegular,0,400,0,262175,0,2147484295,718224464,22,0,
239,Microsoft YaHei,Bold,msyhbd.ttc,0,Microsoft YaHei,MicrosoftYaHei-Bold,Microsoft YaHei Bold,4,Microsoft YaHei,MicrosoftYaHei-Bold,微软雅黑,微软雅黑 Bold,0,700,262144,262175,0,2147484295,718224464,22,0,
240,Microsoft YaHei Light,Regular,msyhl.ttc,0,Microsoft YaHei Light,MicrosoftYaHeiLight,Microsoft YaHei Light,3,Microsoft YaHei Light,MicrosoftYaHeiLight,微软雅黑 Light,0,290,0,262175,0,2147484295,718209040,22,0,
241,Microsoft Yi Baiti,Regular,msyi.ttf,0,Microsoft Yi Baiti,Microsoft-Yi-Baiti,Microsoft Yi Baiti,2,Microsoft Yi Baiti,Microsoft-Yi-Baiti,0,400,0,1,0,2147483651,66562,524290,0,
242,Monotype Corsiva,Regular,MTCORSVA.TTF,0,Monotype Corsiva,MonotypeCorsiva,Monotype Corsiva,2,Monotype Corsiva,MonotypeCorsiva,1,400,64,536871071,3755409408,647,0,0,0,
243,MT Extra,Regular,MTEXTRA.TTF,0,MT Extra,MT-Extra,MT Extra,2,MT Extra,MT-Extra,0,400,0,1,0,0,0,0,0,
244,MV Boli,Regular,mvboli.ttf,0,MV Boli,MVBoli,MV Boli,2,MV Boli,MVBoli,0,400,0,1,0,3,0,256,0,
245,Niagara Engraved,Regular,NIAGENG.TTF,0,Niagara Engraved,NiagaraEngraved-Reg,Niagara Engraved,2,Niagara Engraved,NiagaraEngraved-Reg,0,400,0,536870913,0,3,0,0,0,
246,Niagara Solid,Regular,NIAGSOL.TTF,0,Niagara Solid,NiagaraSolid-Reg,Niagara Solid,2,Niagara Solid,NiagaraSolid-Reg,0,400,0,536870913,0,3,0,0,0,
247,Nirmala UI,Regular,Nirmala.ttf,0,Nirmala UI,NirmalaUI,Nirmala UI,2,Nirmala UI,NirmalaUI,0,400,0,1,0,2164228131,33554506,512,262144,
248,Nirmala UI,Bold,NirmalaB.ttf,0,Nirmala UI,NirmalaUI-Bold,Nirmala UI Bold,2,Nirmala UI,NirmalaUI-Bold,0,700,262144,1,0,2164228131,33554506,512,262144,
249,Nirmala UI Semilight,Regular,NirmalaS.ttf,0,Nirmala UI Semilight,NirmalaUI-Semilight,Nirmala UI Semilight,2,Nirmala UI Semilight,NirmalaUI-Semilight,0,350,0,1,0,2164228131,33554506,512,262144,
250,Microsoft New Tai Lue,Regular,ntailu.ttf,0,Microsoft New Tai Lue,MicrosoftNewTaiLue,Microsoft New Tai Lue,2,Microsoft New Tai Lue,MicrosoftNewTaiLue,0,400,0,1,0,3,0,2147483648,0,
251,Microsoft New Tai Lue,Bold,ntailub.ttf,0,Microsoft New Tai Lue,MicrosoftNewTaiLue-Bold,Microsoft New Tai Lue Bold,2,Microsoft New Tai Lue,MicrosoftNewTaiLue-Bold,0,700,262144,1,0,3,0,2147483648,0,
252,OCR A Extended,Regular,OCRAEXT.TTF,0,OCR A Extended,OCRAExtended,OCR A Extended,2,OCR A Extended,OCRAExtended,0,400,0,536870913,0,3,0,0,0,
253,Old English Text MT,Regular,OLDENGL.TTF,0,Old English Text MT,OldEnglishTextMT,Old English Text MT,2,Old English Text MT,OldEnglishTextMT,0,400,0,536870913,0,3,0,0,0,
254,Onyx,Regular,ONYX.TTF,0,Onyx,Onyx,Onyx,1,Onyx,0,400,0,536870913,0,3,0,0,0,
255,Open Sans,Bold,OpenSans-Bold.ttf,0,Open Sans,OpenSans-Bold,Open Sans Bold,2,Open Sans,OpenSans-Bold,0,700,262144,536871327,0,3758097135,1073750107,40,0,
256,Open Sans,Bold Italic,OpenSans-BoldItalic.ttf,0,Open Sans,OpenSans-BoldItalic,Open Sans Bold Italic,2,Open Sans,OpenSans-BoldItalic,1,700,262208,536871327,0,3758097135,1073750107,40,0,
257,Open Sans,Italic,OpenSans-Italic.ttf,0,Open Sans,OpenSans-Italic,Open Sans Italic,2,Open Sans,OpenSans-Italic,1,400,64,536871327,0,3758097135,1073750107,40,0,
258,Open Sans,Regular,OpenSans-Regular.ttf,0,Open Sans,OpenSans,Open Sans,2,Open Sans,OpenSans,0,400,0,536871327,0,3758097135,1073750107,40,0,
259,MS Outlook,Regular,OUTLOOK.TTF,0,MS Outlook,MSOutlook,MS Outlook,2,MS Outlook,MSOutlook,0,400,4,2147483648,0,0,0,0,0,
260,Palatino Linotype,Regular,pala.ttf,0,Palatino Linotype,PalatinoLinotype-Roman,Palatino Linotype,2,Palatino Linotype,PalatinoLinotype-Roman,0,400,2,536871327,0,3758097031,1073741843,0,0,
261,Palatino Linotype,Bold,palab.ttf,0,Palatino Linotype,PalatinoLinotype-Bold,Palatino Linotype Bold,2,Palatino Linotype,PalatinoLinotype-Bold,0,700,262146,536871327,0,3758097031,1073741843,0,0,
262,Palatino Linotype,Bold Italic,palabi.ttf,0,Palatino Linotype,PalatinoLinotype-BoldItalic,Palatino Linotype Bold Italic,2,Palatino Linotype,PalatinoLinotype-BoldItalic,1,700,262210,536871327,0,3758097031,1073741843,0,0,
263,Palatino Linotype,Italic,palai.ttf,0,Palatino Linotype,PalatinoLinotype-Italic,Palatino Linotype Italic,2,Palatino Linotype,PalatinoLinotype-Italic,1,400,66,536871327,0,3758097031,1073741843,0,0,
264,Palace Script MT,Regular,PALSCRI.TTF,0,Palace Script MT,PalaceScriptMT,Palace Script MT,2,Palace Script MT,PalaceScriptMT,1,400,64,536870913,0,3,0,0,0,
265,Papyrus,Regular,PAPYRUS.TTF,0,Papyrus,Papyrus-Regular,Papyrus,2,Papyrus,Papyrus-Regular,0,400,0,536870913,0,3,0,0,0,
266,Parchment,Regular,PARCHM.TTF,0,Parchment,Parchment-Regular,Parchment,2,Parchment,Parchment-Regular,0,400,0,536870913,0,3,0,0,0,
267,Perpetua,Bold Italic,PERBI___.TTF,0,Perpetua,Perpetua-BoldItalic,Perpetua Bold Italic,2,Perpetua,Perpetua-BoldItalic,1,700,262210,1,0,3,0,0,0,
268,Perpetua,Bold,PERB____.TTF,0,Perpetua,Perpetua-Bold,Perpetua Bold,2,Perpetua,Perpetua-Bold,0,700,262146,536870913,0,3,0,0,0,
269,Perpetua,Italic,PERI____.TTF,0,Perpetua,Perpetua-Italic,Perpetua Italic,2,Perpetua,Perpetua-Italic,1,400,66,1,0,3,0,0,0,
270,Perpetua Titling MT,Bold,PERTIBD.TTF,0,Perpetua Titling MT,PerpetuaTitlingMT-Bold,Perpetua Titling MT Bold,2,Perpetua Titling MT,PerpetuaTitlingMT-Bold,0,700,262146,536870913,0,3,0,0,0,
271,Perpetua Titling MT,Light,PERTILI.TTF,0,Perpetua Titling MT,PerpetuaTitlingMT-Light,Perpetua Titling MT Light,2,Perpetua Titling MT,PerpetuaTitlingMT-Light,0,300,2,536870913,0,3,0,0,0,
272,Perpetua,Regular,PER_____.TTF,0,Perpetua,Perpetua,Perpetua,1,Perpetua,0,400,2,536870913,0,3,0,0,0,
273,Microsoft PhagsPa,Regular,phagspa.ttf,0,Microsoft PhagsPa,MicrosoftPhagsPa,Microsoft PhagsPa,2,Microsoft PhagsPa,MicrosoftPhagsPa,0,400,0,1,0,3,2097152,134217728,0,
274,Microsoft PhagsPa,Bold,phagspab.ttf,0,Microsoft PhagsPa,MicrosoftPhagsPa-Bold,Microsoft PhagsPa Bold,2,Microsoft PhagsPa,MicrosoftPhagsPa-Bold,0,700,262144,1,0,3,2097152,134217728,0,
275,Playbill,Regular,PLAYBILL.TTF,0,Playbill,Playbill,Playbill,1,Playbill,0,400,0,536870913,0,3,0,0,0,
276,Poiret One,Regular,PoiretOne-Regular.ttf,0,Poiret One,PoiretOne-Regular,Poiret One,2,Poiret One,PoiretOne-Regular,0,400,0,151,0,2684355119,1342177354,0,0,
277,Poor Richard,Regular,POORICH.TTF,0,Poor Richard,PoorRichard-Regular,Poor Richard,2,Poor Richard,PoorRichard-Regular,0,400,2,536870913,0,3,0,0,0,
278,Pristina,Regular,PRISTINA.TTF,0,Pristina,Pristina-Regular,Pristina,2,Pristina,Pristina-Regular,0,400,0,536870913,0,3,0,0,0,
279,Rage Italic,Regular,RAGE.TTF,0,Rage Italic,RageItalic,Rage Italic,2,Rage Italic,RageItalic,0,400,0,536870913,0,3,0,0,0,
280,Raleway,Bold,Raleway-Bold.ttf,0,Raleway,Raleway-Bold,Raleway Bold,2,Raleway,Raleway-Bold,0,700,262144,147,0,2684354751,1342177371,0,0,
281,Raleway,Regular,Raleway-Regular.ttf,0,Raleway,Raleway,Raleway,1,Raleway,0,400,0,147,0,2684354751,1342177371,0,0,
282,Ravie,Regular,RAVIE.TTF,0,Ravie,Ravie,Ravie,1,Ravie,0,400,0,536870913,0,3,0,0,0,
283,MS Reference Sans Serif,Regular,REFSAN.TTF,0,MS Reference Sans Serif,MSReferenceSansSerif,MS Reference Sans Serif,2,MS Reference Sans Serif,MSReferenceSansSerif,0,400,0,536871327,0,647,0,0,0,
284,MS Reference Specialty,Regular,REFSPCL.TTF,0,MS Reference Specialty,MSReferenceSpecialty,MS Reference Specialty,2,MS Reference Specialty,MSReferenceSpecialty,0,400,4,2147483648,0,0,0,0,0,
285,Roboto,Bold,Roboto-Bold.ttf,0,Roboto,Roboto-Bold,Roboto Bold,2,Roboto,Roboto-Bold,0,700,262144,536871327,0,3758099199,1342185855,33,0,
286,Roboto,Bold Italic,Roboto-BoldItalic.ttf,0,Roboto,Roboto-BoldItalic,Roboto Bold Italic,2,Roboto,Roboto-BoldItalic,1,700,262208,536871327,0,3758099199,1342185855,33,0,
287,Roboto,Italic,Roboto-Italic.ttf,0,Roboto,Roboto-Italic,Roboto Italic,2,Roboto,Roboto-Italic,1,400,64,536871327,0,3758099199,1342185855,33,0,
288,Roboto,Regular,Roboto-Regular.ttf,0,Roboto,Roboto-Regular,Roboto,2,Roboto,Roboto-Regular,0,400,0,536871327,0,3758099199,1342185855,33,0,
289,Roboto Condensed,Bold,RobotoCondensed-Bold.ttf,0,Roboto Condensed,RobotoCondensed-Bold,Roboto Condensed Bold,2,Roboto Condensed,RobotoCondensed-Bold,0,700,262144,536871327,0,3758099199,1342185855,33,0,
290,Roboto Condensed,Bold Italic,RobotoCondensed-BoldItalic.ttf,0,Roboto Condensed,RobotoCondensed-BoldItalic,Roboto Condensed Bold Italic,2,Roboto Condensed,RobotoCondensed-BoldItalic,1,700,262208,536871327,0,3758099199,1342185855,33,0,
291,Roboto Condensed,Italic,RobotoCondensed-Italic.ttf,0,Roboto Condensed,RobotoCondensed-Italic,Roboto Condensed Italic,2,Roboto Condensed,RobotoCondensed-Italic,1,400,64,536871327,0,3758099199,1342185855,33,0,
292,Roboto Condensed,Regular,RobotoCondensed-Regular.ttf,0,Roboto Condensed,RobotoCondensed-Regular,Roboto Condensed,2,Roboto Condensed,RobotoCondensed-Regular,0,400,0,536871327,0,3758099199,1342185855,33,0,
293,Roboto Slab,Bold,RobotoSlab-Bold.ttf,0,Roboto Slab,RobotoSlab-Bold,Roboto Slab Bold,2,Roboto Slab,RobotoSlab-Bold,0,700,262144,536871327,1325465600,3758097151,1342185563,32,0,
294,Roboto Slab,Regular,RobotoSlab-Regular.ttf,0,Roboto Slab,RobotoSlab-Regular,Roboto Slab,2,Roboto Slab,RobotoSlab-Regular,0,400,0,536871327,1325465600,3758097151,1342185563,32,0,
295,Rockwell Condensed,Bold,ROCCB___.TTF,0,Rockwell Condensed,Rockwell-CondensedBold,Rockwell Condensed Bold,2,Rockwell Condensed,Rockwell-CondensedBold,0,700,262146,536870913,0,3,0,0,0,
296,Rockwell Condensed,Regular,ROCC____.TTF,0,Rockwell Condensed,Rockwell-Condensed,Rockwell Condensed,2,Rockwell Condensed,Rockwell-Condensed,0,400,2,536870913,0,3,0,0,0,
297,Rockwell,Regular,ROCK.TTF,0,Rockwell,Rockwell,Rockwell,1,Rockwell,0,400,2,536870913,0,3,0,0,0,
298,Rockwell,Bold,ROCKB.TTF,0,Rockwell,Rockwell-Bold,Rockwell Bold,2,Rockwell,Rockwell-Bold,0,700,262146,536870913,0,3,0,0,0,
299,Rockwell,Bold Italic,ROCKBI.TTF,0,Rockwell,Rockwell-BoldItalic,Rockwell Bold Italic,2,Rockwell,Rockwell-BoldItalic,1,700,262210,536870915,0,3,0,0,0,
300,Rockwell Extra Bold,Regular,ROCKEB.TTF,0,Rockwell Extra Bold,Rockwell-ExtraBold,Rockwell Extra Bold,2,Rockwell Extra Bold,Rockwell-ExtraBold,0,800,2,536870913,0,3,0,0,0,
301,Rockwell,Italic,ROCKI.TTF,0,Rockwell,Rockwell-Italic,Rockwell Italic,2,Rockwell,Rockwell-Italic,1,400,66,536870913,0,3,0,0,0,
302,Century Schoolbook,Bold,SCHLBKB.TTF,0,Century Schoolbook,CenturySchoolbook-Bold,Century Schoolbook Bold,2,Century Schoolbook,CenturySchoolbook-Bold,0,700,262146,536871071,3755409408,647,0,0,0,
303,Century Schoolbook,Bold Italic,SCHLBKBI.TTF,0,Century Schoolbook,CenturySchoolbook-BoldItalic,Century Schoolbook Bold Italic,2,Century Schoolbook,CenturySchoolbook-BoldItalic,1,700,262210,536871071,3755409408,647,0,0,0,
304,Century Schoolbook,Italic,SCHLBKI.TTF,0,Century Schoolbook,CenturySchoolbook-Italic,Century Schoolbook Italic,2,Century Schoolbook,CenturySchoolbook-Italic,1,400,66,536871071,3755409408,647,0,0,0,
305,Script MT Bold,Regular,SCRIPTBL.TTF,0,Script MT Bold,ScriptMTBold,Script MT Bold,2,Script MT Bold,ScriptMTBold,0,700,0,536870913,0,3,0,0,0,
306,Segoe MDL2 Assets,Regular,segmdl2.ttf,0,Segoe MDL2 Assets,SegoeMDL2Assets,Segoe MDL2 Assets,2,Segoe MDL2 Assets,SegoeMDL2Assets,0,400,0,1,0,0,268435456,0,0,
307,Segoe Print,Regular,segoepr.ttf,0,Segoe Print,SegoePrint,Segoe Print,2,Segoe Print,SegoePrint,0,400,0,536871071,1191247872,655,0,0,0,
308,Segoe Print,Bold,segoeprb.ttf,0,Segoe Print,SegoePrint-Bold,Segoe Print Bold,2,Segoe Print,SegoePrint-Bold,0,700,262144,536871071,1191247872,655,0,0,0,
309,Segoe Script,Regular,segoesc.ttf,0,Segoe Script,SegoeScript,Segoe Script,2,Segoe Script,SegoeScript,0,400,0,159,0,655,0,0,0,
310,Segoe Script,Bold,segoescb.ttf,0,Segoe Script,SegoeScript-Bold,Segoe Script Bold,2,Segoe Script,SegoeScript-Bold,0,700,262144,159,0,655,0,0,0,
311,Segoe UI,Regular,segoeui.ttf,0,Segoe UI,SegoeUI,Segoe UI,2,Segoe UI,SegoeUI,0,400,0,536871423,0,3825217279,3221283967,9,0,
312,Segoe UI,Bold,segoeuib.ttf,0,Segoe UI,SegoeUI-Bold,Segoe UI Bold,2,Segoe UI,SegoeUI-Bold,0,700,262144,536871423,0,3825217279,3221283967,9,0,
313,Segoe UI,Italic,segoeuii.ttf,0,Segoe UI,SegoeUI-Italic,Segoe UI Italic,2,Segoe UI,SegoeUI-Italic,1,400,64,536871327,3621191680,3825207039,1073799291,1,0,
314,Segoe UI Light,Regular,segoeuil.ttf,0,Segoe UI Light,SegoeUI-Light,Segoe UI Light,2,Segoe UI Light,SegoeUI-Light,0,300,0,536871423,0,3825217279,3221283967,9,0,
315,Segoe UI Semilight,Regular,segoeuisl.ttf,0,Segoe UI Semilight,SegoeUI-Semilight,Segoe UI Semilight,2,Segoe UI Semilight,SegoeUI-Semilight,0,350,0,536871423,0,3825217279,3221283967,9,0,
316,Segoe UI,Bold Italic,segoeuiz.ttf,0,Segoe UI,SegoeUI-BoldItalic,Segoe UI Bold Italic,2,Segoe UI,SegoeUI-BoldItalic,1,700,262208,536871327,3621191680,3825207039,1073799291,1,0,
317,Segoe UI Black,Regular,seguibl.ttf,0,Segoe UI Black,SegoeUIBlack,Segoe UI Black,2,Segoe UI Black,SegoeUIBlack,0,900,0,536871327,0,3758097151,1073800319,33,0,
318,Segoe UI Black,Italic,seguibli.ttf,0,Segoe UI Black,SegoeUIBlack-Italic,Segoe UI Black Italic,2,Segoe UI Black,SegoeUIBlack-Italic,1,900,64,536871327,0,3758097151,1073800319,33,0,
319,Segoe UI Emoji,Regular,seguiemj.ttf,0,Segoe UI Emoji,SegoeUIEmoji,Segoe UI Emoji,2,Segoe UI Emoji,SegoeUIEmoji,0,400,0,1,0,1,33554432,0,0,
320,Segoe UI Historic,Regular,seguihis.ttf,0,Segoe UI Historic,SegoeUIHistoric,Segoe UI Historic,2,Segoe UI Historic,SegoeUIHistoric,0,400,0,1,1073741824,2147484143,33554434,6340736,2,
321,Segoe UI Light,Italic,seguili.ttf,0,Segoe UI Light,SegoeUI-LightItalic,Segoe UI Light Italic,2,Segoe UI Light,SegoeUI-LightItalic,1,300,64,536871327,3621191680,3825207039,1073799291,1,0,
322,Segoe UI Semibold,Regular,seguisb.ttf,0,Segoe UI Semibold,SegoeUI-Semibold,Segoe UI Semibold,2,Segoe UI Semibold,SegoeUI-Semibold,0,600,0,536871423,0,3825217279,3221283967,9,0,
323,Segoe UI Semibold,Italic,seguisbi.ttf,0,Segoe UI Semibold,SegoeUI-SemiboldItalic,Segoe UI Semibold Italic,2,Segoe UI Semibold,SegoeUI-SemiboldItalic,1,600,64,536871327,3621191680,3825207039,1073799291,1,0,
324,Segoe UI Semilight,Italic,seguisli.ttf,0,Segoe UI Semilight,SegoeUI-SemilightItalic,Segoe UI Semilight Italic,2,Segoe UI Semilight,SegoeUI-SemilightItalic,1,350,64,536871327,3621191680,3825207039,1073799291,1,0,
325,Segoe UI Symbol,Regular,seguisym.ttf,0,Segoe UI Symbol,SegoeUISymbol,Segoe UI Symbol,2,Segoe UI Symbol,SegoeUISymbol,0,400,0,1,1073741824,2147484131,302055407,262144,67108864,
326,Showcard Gothic,Regular,SHOWG.TTF,0,Showcard Gothic,ShowcardGothic-Reg,Showcard Gothic,2,Showcard Gothic,ShowcardGothic-Reg,0,400,0,536870913,0,3,0,0,0,
327,FangSong,Regular,simfang.ttf,0,FangSong,FangSong,FangSong,2,FangSong,仿宋,0,400,0,262145,0,2147484351,953122042,22,0,
328,SimHei,Regular,simhei.ttf,0,SimHei,SimHei,SimHei,2,SimHei,黑体,0,400,0,262145,0,2147484351,953122042,22,0,
329,KaiTi,Regular,simkai.ttf,0,KaiTi,KaiTi,KaiTi,2,KaiTi,楷体,0,400,0,262145,0,2147484351,953122042,22,0,
330,LiSu,Regular,SIMLI.TTF,0,LiSu,LiSu,LiSu,2,LiSu,隶书,0,400,1,262144,0,1,135135232,0,0,
331,SimSun,Regular,simsun.ttc,0,SimSun,SimSun,SimSun,2,SimSun,宋体,0,400,0,262145,0,515,680460288,6,0,
332,SimSun-ExtB,Regular,simsunb.ttf,0,SimSun-ExtB,SimSun-ExtB,SimSun-ExtB,1,SimSun-ExtB,0,400,1,262145,0,1,33554432,0,0,
333,YouYuan,Regular,SIMYOU.TTF,0,YouYuan,YouYuan,YouYuan,2,YouYuan,幼圆,0,400,1,262144,0,1,135135232,0,0,
334,Sitka Small,Regular,Sitka.ttc,0,Sitka Small,SitkaSmall,Sitka Small,2,Sitka Small,SitkaSmall,0,400,0,536871327,0,2684355311,1073750091,0,0,
335,Sitka Small,Bold,SitkaB.ttc,0,Sitka Small,SitkaSmall-Bold,Sitka Small Bold,2,Sitka Small,SitkaSmall-Bold,0,700,262144,536871327,0,2684355311,1073750091,0,0,
336,Sitka Small,Italic,SitkaI.ttc,0,Sitka Small,SitkaSmall-Italic,Sitka Small Italic,2,Sitka Small,SitkaSmall-Italic,1,400,64,536871327,0,2684355311,1073750091,0,0,
337,Sitka Small,Bold Italic,SitkaZ.ttc,0,Sitka Small,SitkaSmall-BoldItalic,Sitka Small Bold Italic,2,Sitka Small,SitkaSmall-BoldItalic,1,700,262208,536871327,0,2684355311,1073750091,0,0,
338,Snap ITC,Regular,SNAP____.TTF,0,Snap ITC,SnapITC-Regular,Snap ITC,2,Snap ITC,SnapITC-Regular,0,400,0,536870913,0,3,0,0,0,
339,STCaiyun,Regular,STCAIYUN.TTF,0,STCaiyun,STCaiyun,STCaiyun,3,STCaiyun,华文彩云,Caiyun,0,400,0,262144,0,1,135200768,0,0,
340,Stencil,Regular,STENCIL.TTF,0,Stencil,Stencil,Stencil,1,Stencil,0,400,0,536870913,0,3,0,0,0,
341,STFangsong,Regular,STFANGSO.TTF,0,STFangsong,STFangsong,STFangsong,3,STFangsong,华文仿宋,ＳＴＦａｎｇｓｏｎｇ,0,400,0,262303,3755409408,647,135200768,0,0,
342,STHupo,Regular,STHUPO.TTF,0,STHupo,STHupo,STHupo,3,STHupo,华文琥珀,ＳＴＨｕｐｏ,0,400,0,262144,0,1,135200768,0,0,
343,STKaiti,Regular,STKAITI.TTF,0,STKaiti,STKaiti,STKaiti,3,STKaiti,华文楷体,ＳＴＫａｉｔｉ,0,400,0,262303,3755409408,647,135200768,0,0,
344,STLiti,Regular,STLITI.TTF,0,STLiti,STLiti,STLiti,3,STLiti,华文隶书,ＳＴＬｉｔｉ,0,400,0,262144,0,1,135200768,0,0,
345,STSong,Regular,STSONG.TTF,0,STSong,STSong,STSong,3,STSong,华文宋体,ＳＴＳｏｎｇ,0,400,0,262303,3755409408,647,135200768,0,0,
346,STXihei,Regular,STXIHEI.TTF,0,STXihei,STXihei,STXihei,3,STXihei,华文细黑,ＳＴＸｉｈｅｉ,0,400,0,262303,3755409408,647,135200768,0,0,
347,STXingkai,Regular,STXINGKA.TTF,0,STXingkai,STXingkai,STXingkai,3,STXingkai,华文行楷,ＳＴＸｉｎｇｋａｉ,0,400,0,262144,0,1,135200768,0,0,
348,STXinwei,Regular,STXINWEI.TTF,0,STXinwei,STXinwei,STXinwei,3,STXinwei,华文新魏,ＳＴＸｉｎｗｅｉ,0,400,0,262144,0,1,135200768,0,0,
349,STZhongsong,Regular,STZHONGS.TTF,0,STZhongsong,STZhongsong,STZhongsong,3,STZhongsong,华文中宋,ＳＴＺｈｏｎｇｓｏｎｇ,0,400,0,262303,3755409408,647,135200768,0,0,
350,Sylfaen,Regular,sylfaen.ttf,0,Sylfaen,Sylfaen,Sylfaen,1,Sylfaen,0,400,0,536871071,0,67110535,0,0,0,
351,Symbol,Regular,symbol.ttf,0,Symbol,SymbolMT,Symbol,2,Symbol,SymbolMT,0,400,4,2147483648,0,0,0,0,0,
352,Tahoma,Regular,tahoma.ttf,0,Tahoma,Tahoma,Tahoma,1,Tahoma,0,400,0,536936959,539492352,3774885631,3221250139,41,0,
353,Tahoma,Bold,tahomabd.ttf,0,Tahoma,Tahoma-Bold,Tahoma Bold,2,Tahoma,Tahoma-Bold,0,700,262144,536936959,539492352,3774885631,3221250139,41,0,
354,Microsoft Tai Le,Regular,taile.ttf,0,Microsoft Tai Le,MicrosoftTaiLe,Microsoft Tai Le,2,Microsoft Tai Le,MicrosoftTaiLe,0,400,0,1,0,3,0,1073741824,0,
355,Microsoft Tai Le,Bold,taileb.ttf,0,Microsoft Tai Le,MicrosoftTaiLe-Bold,Microsoft Tai Le Bold,2,Microsoft Tai Le,MicrosoftTaiLe-Bold,0,700,262144,1,0,3,0,1073741824,0,
356,Tw Cen MT,Bold Italic,TCBI____.TTF,0,Tw Cen MT,TwCenMT-BoldItalic,Tw Cen MT Bold Italic,2,Tw Cen MT,TwCenMT-BoldItalic,1,700,262208,536870915,0,3,0,0,0,
357,Tw Cen MT,Bold,TCB_____.TTF,0,Tw Cen MT,TwCenMT-Bold,Tw Cen MT Bold,2,Tw Cen MT,TwCenMT-Bold,0,700,262144,536870915,0,3,0,0,0,
358,Tw Cen MT Condensed,Bold,TCCB____.TTF,0,Tw Cen MT Condensed,TwCenMT-CondensedBold,Tw Cen MT Condensed Bold,2,Tw Cen MT Condensed,TwCenMT-CondensedBold,0,700,262144,536870915,0,3,0,0,0,
359,Tw Cen MT Condensed Extra Bold,Regular,TCCEB.TTF,0,Tw Cen MT Condensed Extra Bold,TwCenMT-CondensedExtraBold,Tw Cen MT Condensed Extra Bold,2,Tw Cen MT Condensed Extra Bold,TwCenMT-CondensedExtraBold,0,400,0,536870915,0,3,0,0,0,
360,Tw Cen MT Condensed,Regular,TCCM____.TTF,0,Tw Cen MT Condensed,TwCenMT-Condensed,Tw Cen MT Condensed,2,Tw Cen MT Condensed,TwCenMT-Condensed,0,400,0,536870915,0,3,0,0,0,
361,Tw Cen MT,Italic,TCMI____.TTF,0,Tw Cen MT,TwCenMT-Italic,Tw Cen MT Italic,2,Tw Cen MT,TwCenMT-Italic,1,400,64,536870915,0,3,0,0,0,
362,Tw Cen MT,Regular,TCM_____.TTF,0,Tw Cen MT,TwCenMT-Regular,Tw Cen MT,2,Tw Cen MT,TwCenMT-Regular,0,400,0,536870915,0,3,0,0,0,
363,Tempus Sans ITC,Regular,TEMPSITC.TTF,0,Tempus Sans ITC,TempusSansITC,Tempus Sans ITC,2,Tempus Sans ITC,TempusSansITC,0,400,0,536870913,0,3,0,0,0,
364,Times New Roman,Regular,times.ttf,0,Times New Roman,TimesNewRomanPSMT,Times New Roman,2,Times New Roman,TimesNewRomanPSMT,0,400,2,1073742335,4294901760,3758108415,3221256283,9,0,
365,Times New Roman,Bold,timesbd.ttf,0,Times New Roman,TimesNewRomanPS-BoldMT,Times New Roman Bold,3,Times New Roman,TimesNewRomanPS-BoldMT,Times New Roman Bold,0,700,262146,1073742335,4294901760,3758108415,3221256283,9,0,
366,Times New Roman,Bold Italic,timesbi.ttf,0,Times New Roman,TimesNewRomanPS-BoldItalicMT,Times New Roman Bold Italic,3,Times New Roman,TimesNewRomanPS-BoldItalicMT,Times New Roman Bold Italic,1,700,262210,1073742271,3757506560,3758100223,1073772635,1,0,
367,Times New Roman,Italic,timesi.ttf,0,Times New Roman,TimesNewRomanPS-ItalicMT,Times New Roman Italic,3,Times New Roman,TimesNewRomanPS-ItalicMT,Times New Roman Italic,1,400,66,1073742271,3757506560,3758100223,1073772635,1,0,
368,Trebuchet MS,Regular,trebuc.ttf,0,Trebuchet MS,TrebuchetMS,Trebuchet MS,2,Trebuchet MS,TrebuchetMS,0,400,0,536871071,0,1671,0,0,0,
369,Trebuchet MS,Bold,trebucbd.ttf,0,Trebuchet MS,TrebuchetMS-Bold,Trebuchet MS Bold,2,Trebuchet MS,TrebuchetMS-Bold,0,700,262144,536871071,0,1671,0,0,0,
370,Trebuchet MS,Bold Italic,trebucbi.ttf,0,Trebuchet MS,Trebuchet-BoldItalic,Trebuchet MS Bold Italic,3,Trebuchet MS,Trebuchet-BoldItalic,Trebuchet MS Bold Italic,1,700,262208,536871071,0,1671,0,0,0,
371,Trebuchet MS,Italic,trebucit.ttf,0,Trebuchet MS,TrebuchetMS-Italic,Trebuchet MS Italic,2,Trebuchet MS,TrebuchetMS-Italic,1,400,64,536871071,0,1671,0,0,0,
372,Verdana,Regular,verdana.ttf,0,Verdana,Verdana,Verdana,1,Verdana,0,400,0,536871327,0,2684356351,1073750107,16,0,
373,Verdana,Bold,verdanab.ttf,0,Verdana,Verdana-Bold,Verdana Bold,2,Verdana,Verdana-Bold,0,700,262144,536871327,0,2684356351,1073750107,16,0,
374,Verdana,Italic,verdanai.ttf,0,Verdana,Verdana-Italic,Verdana Italic,2,Verdana,Verdana-Italic,1,400,64,536871327,0,2684356351,1073750107,16,0,
375,Verdana,Bold Italic,verdanaz.ttf,0,Verdana,Verdana-BoldItalic,Verdana Bold Italic,2,Verdana,Verdana-BoldItalic,1,700,262208,536871327,0,2684356351,1073750107,16,0,
376,Viner Hand ITC,Regular,VINERITC.TTF,0,Viner Hand ITC,VinerHandITC,Viner Hand ITC,2,Viner Hand ITC,VinerHandITC,0,400,0,536870913,0,3,0,0,0,
377,Vivaldi,Italic,VIVALDII.TTF,0,Vivaldi,Vivaldii,Vivaldi Italic,3,Vivaldi,Vivaldii,Vivaldi Italic,1,400,64,536870913,0,3,0,0,0,
378,Vladimir Script,Regular,VLADIMIR.TTF,0,Vladimir Script,VladimirScript,Vladimir Script,2,Vladimir Script,VladimirScript,0,400,0,536870913,0,3,0,0,0,
379,Webdings,Regular,webdings.ttf,0,Webdings,Webdings,Webdings,1,Webdings,0,400,4,2147483648,0,0,0,0,0,
380,Wingdings 2,Regular,WINGDNG2.TTF,0,Wingdings 2,Wingdings2,Wingdings 2,2,Wingdings 2,Wingdings2,0,400,4,2147483648,0,0,0,0,0,
381,Wingdings 3,Regular,WINGDNG3.TTF,0,Wingdings 3,Wingdings3,Wingdings 3,2,Wingdings 3,Wingdings3,0,400,4,2147483648,0,0,0,0,0,
382,Yu Gothic,Bold,YuGothB.ttc,0,Yu Gothic,YuGothic-Bold,Yu Gothic Bold,4,Yu Gothic,YuGothic-Bold,游ゴシック,游ゴシック Bold,0,700,262144,537002143,0,3758097151,717749759,22,0,
383,Yu Gothic Light,Regular,YuGothL.ttc,0,Yu Gothic Light,YuGothic-Light,Yu Gothic Light,3,Yu Gothic Light,YuGothic-Light,游ゴシック Light,0,300,0,537002143,0,3758097151,717749759,22,0,
384,Yu Gothic Medium,Regular,YuGothM.ttc,0,Yu Gothic Medium,YuGothic-Medium,Yu Gothic Medium,3,Yu Gothic Medium,YuGothic-Medium,游ゴシック Medium,0,500,0,537002143,0,3758097151,717749759,22,0,
385,Yu Gothic,Regular,YuGothR.ttc,0,Yu Gothic,YuGothic-Regular,Yu Gothic,4,Yu Gothic,YuGothic-Regular,游ゴシック,游ゴシック Regular,0,400,0,537002143,0,3758097151,717749759,22,0,
